Quartz_hkl,2theta,height,fwhm
(100),,,
(101),,,
(110),,,
(102),,,
(112),50.39198460134894,123.0,1.3074053616537213
(211),59.86727416137281,270.0,0.28752597025882665
(203),,,
