I015_over_I104,FWHM_015_over_104
0.11198738170347003,6.642270902220038
