I015_over_I104,FWHM_015_over_104
0.03795233892321271,26.411928867827527
