Quartz_hkl,2theta,height,fwhm
(100),,,
(101),,,
(110),,,
(102),,,
(112),,,
(211),59.90905233403606,574.0,0.12909364332958972
(203),,,
